method	time	k	cost	cost-0	cost-1	trees	trees-0	trees-1	restarts
CA-r5000_t-1	552.182	2	 14	6.11111	7.88889	99	45	54	5000
