method	time	k	cost	cost-0	cost-1	cost-2	trees	trees-0	trees-1	trees-2	restarts
CA-r5000_t-1	785.251	3	 12.8889	1.88889	6.22222	4.77778	99	14	46	39	5000
